epoch,train_loss,train_acc,val_loss,val_acc,val_wauc
1,0.34855509797732037,0.4625,0.34678585251172384,0.44,0.18842469135802467
2,0.3483716408411662,0.44666666666666666,0.3473235058784485,0.43333333333333335,0.1892345679012346
3,0.3479133983453115,0.54125,0.34779305160045626,0.5933333333333334,0.18417777777777777
4,0.34876595934232074,0.49166666666666664,0.34723526497681934,0.7433333333333333,0.20059259259259263
5,0.34871662537256876,0.5141666666666667,0.34616396129131316,0.61,0.21025185185185183
6,0.347931565841039,0.5116666666666667,0.3477219343185425,0.47,0.19267160493827162
7,0.348825402657191,0.43166666666666664,0.3463255788882573,0.6766666666666666,0.16578765432098766
8,0.34836729367574054,0.5004166666666666,0.3466421590248744,0.4033333333333333,0.2023703703703704
