epoch,train_loss,train_acc,val_loss,val_acc,val_wauc
1,0.34990525205930073,0.4675,0.34685377299785614,0.47,0.1732148148148148
2,0.3480053655306498,0.46875,0.3466076391935349,0.4766666666666667,0.18263703703703704
3,0.350263437628746,0.495,0.34877981841564176,0.43666666666666665,0.19122962962962964
4,0.3492234790325165,0.5145833333333333,0.34625658373037976,0.37666666666666665,0.2052543209876543
5,0.3494130555788676,0.4529166666666667,0.347175905307134,0.5133333333333333,0.20742716049382715
6,0.3482967797915141,0.4225,0.3476111102104187,0.55,0.19152592592592596
7,0.3487949804464976,0.53125,0.3481825385491053,0.37,0.169441975308642
8,0.34835795481999715,0.5183333333333333,0.3459492407242457,0.6333333333333333,0.19142716049382716
